title,genres,where_to_watch
Twinkling Watermelon,"Romance, Youth, Drama, Fantasy",Viki
Move to Heaven,"Life, Drama",Netflix
Hospital Playlist Season 2,"Romance, Life, Drama, Medical",Netflix
Weak Hero Class 1,"Action, Youth, Drama",Viki
Alchemy of Souls,"Action, Historical, Romance, Fantasy",Netflix
Flower of Evil,"Thriller, Romance, Crime, Melodrama",Apple TV
Reply 1988,"Comedy, Romance, Life, Youth",Apple TV
Moving,"Action, Thriller, Mystery, Supernatural",Apple TV
Hospital Playlist,"Comedy, Life, Drama, Medical",Netflix
My Mister,"Psychological, Life, Drama",Apple TV
Under the Queen's Umbrella,"Historical, Comedy, Drama, Political",Netflix
Crash Landing on You,"Military, Comedy, Romance, Political",Netflix
The Glory Part 2,"Thriller, Drama, Melodrama",Netflix
Mr. Queen,"Historical, Comedy, Romance, Fantasy",Viki
My Dearest,"Historical, Romance, Drama, Melodrama",Apple TV
Prison Playbook,"Comedy, Crime, Life, Drama",Disney+ Hotstar
Mother,"Thriller, Mystery, Psychological, Melodrama",Viki
My Dearest Part 2,"Historical, Romance, Drama, Melodrama",Viki
Dr. Romantic Season 3,"Romance, Drama, Medical",Disney+
Alchemy of Souls Season 2: Light and Shadow,"Action, Historical, Romance, Fantasy",Netflix
Taxi Driver Season 2,"Action, Thriller, Mystery, Crime",Apple TV
The Glory,"Thriller, Drama, Melodrama",Netflix
Navillera,"Life, Drama",Netflix
The Good Bad Mother,"Comedy, Life, Drama, Family",Netflix
It's Okay to Not Be Okay,"Psychological, Comedy, Romance, Drama",Netflix
Signal,"Thriller, Mystery, Sci-Fi",Disney+ Hotstar
Extraordinary Attorney Woo,"Law, Romance, Life, Drama",Netflix
Vincenzo,"Comedy, Law, Crime, Drama",Netflix
Kingdom Season 2,"Thriller, Historical, Horror, Supernatural",Netflix
Mouse,"Thriller, Mystery, Psychological",Apple TV
Mr. Sunshine,"Military, Historical, Romance, Melodrama",Netflix
Tomorrow,"Action, Thriller, Drama, Fantasy",Netflix
Happiness,"Action, Thriller, Drama, Sci-Fi",Apple TV
Death's Game,"Thriller, Drama, Fantasy",TVING
Taxi Driver,"Action, Thriller, Crime, Drama",Apple TV
Tale of the Nine-Tailed 1938,"Historical, Horror, Romance, Fantasy",Prime Video
Missing: The Other Side Season 2,"Thriller, Mystery, Supernatural",VIU Indonesia
The Uncanny Counter,"Action, Mystery, Drama, Supernatural",Netflix
Twenty-Five Twenty-One,"Romance, Life, Drama, Melodrama",Netflix
Goblin,"Comedy, Romance, Fantasy, Melodrama",Apple TV
Kingdom,"Thriller, Historical, Horror, Political",Netflix
D.P.,"Action, Military, Drama",Netflix
Stranger,"Thriller, Mystery, Law, Drama",Disney+ Hotstar
The Red Sleeve,"Historical, Romance, Drama, Melodrama",Apple TV
Daily Dose of Sunshine,"Life, Drama, Medical",Netflix
Weightlifting Fairy Kim Bok Joo,"Comedy, Romance, Life, Sports",Apple TV
Partners for Justice Season 2,"Mystery, Law, Drama, Medical",Netflix
Dr. Romantic Season 2,"Romance, Drama, Medical, Melodrama",Apple TV
SKY Castle,"Mystery, Psychological, Drama",Disney+ Hotstar
Youth of May,"Romance, Youth, Drama, Melodrama",Netflix
Beyond Evil,"Thriller, Mystery, Psychological, Drama",Disney+ Hotstar
Through the Darkness,"Thriller, Mystery, Drama",Apple TV
The Devil Judge,"Mystery, Law, Crime, Drama",Netflix
Moon Lovers: Scarlet Heart Ryeo,"Historical, Romance, Fantasy, Melodrama",Prime Video
Racket Boys,"Comedy, Life, Drama, Sports",Netflix
Arthdal Chronicles Part 3: The Prelude to All Legends,"Historical, Romance, Fantasy, Political",Netflix
Life on Mars,"Action, Mystery, Psychological, Comedy",Disney+
Dear My Friends,"Life, Drama, Melodrama",Apple TV
The First Responders,"Action, Thriller, Mystery, Drama",Apple TV
Six Flying Dragons,"Action, Historical, Drama, Political",Netflix
Sweet Home,"Action, Horror, Drama, Sci-Fi",Netflix
D.P. Season 2,"Action, Military, Drama",Netflix
Hometown Cha-Cha-Cha,"Comedy, Romance, Life, Drama",Netflix
"Arthdal Chronicles Part 2: The Sky Turning Inside Out, Rising Land","Historical, Romance, Fantasy, Political",Netflix
The Guest,"Thriller, Mystery, Horror, Supernatural",Apple TV
Strong Woman Do Bong Soon,"Action, Comedy, Romance, Supernatural",Apple TV
The Penthouse: War in Life,"Thriller, Mystery, Drama",Apple TV
While You Were Sleeping,"Mystery, Romance, Drama, Supernatural",Apple TV
The Penthouse Season 2: War in Life,"Thriller, Mystery, Drama",Netflix
Dr. Romantic,"Romance, Drama, Medical",Apple TV
Defendant,"Thriller, Mystery, Law, Drama",Netflix
"Kill Me, Heal Me","Psychological, Comedy, Romance, Drama",Apple TV
My Name,"Action, Thriller, Mystery, Crime",Netflix
Bloodhounds,"Action, Thriller, Crime, Drama",Netflix
Business Proposal,"Comedy, Romance, Drama",Netflix
The Kidnapping Day,"Thriller, Mystery, Comedy, Drama",Prime Video
The King of Pigs,"Thriller, Mystery, Drama",Apple TV
The Worst of Evil,"Action, Thriller, Mystery, Crime",Disney+
Missing: The Other Side,"Thriller, Mystery, Supernatural",Viki
Strangers from Hell,"Thriller, Horror, Psychological, Drama",Apple TV
Chicago Typewriter,"Comedy, Romance, Supernatural, Political",WeTV
Revenant,"Thriller, Mystery, Horror, Supernatural",Apple TV
Our Beloved Summer,"Romance, Life, Youth, Drama",Netflix
18 Again,"Romance, Life, Drama, Fantasy",Netflix
Our Blues,"Romance, Life, Drama, Melodrama",Netflix
Hot Stove League,"Life, Drama, Sports",Netflix
My Perfect Stranger,"Mystery, Romance, Drama, Sci-Fi",Wavve
The Fiery Priest,"Action, Mystery, Comedy, Crime",Apple TV
Descendants of the Sun,"Action, Comedy, Romance, Melodrama",Apple TV
Tunnel,"Thriller, Mystery, Sci-Fi, Fantasy",Apple TV
The First Responders Season 2,"Action, Thriller, Mystery, Drama",Disney+
Hotel del Luna,"Horror, Comedy, Romance, Fantasy",Apple TV
Live,"Romance, Life, Drama",Netflix
Children of Nobody,"Thriller, Mystery, Psychological, Drama",Kocowa
Law School,"Mystery, Law, Crime, Drama",Netflix
Ghost Doctor,"Comedy, Medical, Fantasy, Supernatural",Netflix
Welcome to Samdal-ri,"Comedy, Romance, Life, Drama",Netflix
Eulachacha Waikiki,"Comedy, Life, Youth, Drama",Netflix
Juvenile Justice,"Law, Drama",Netflix
All of Us Are Dead,"Action, Thriller, Horror, Sci-Fi",Netflix
Go Back Couple,"Comedy, Romance, Life, Fantasy",Netflix
My Liberation Notes,"Romance, Life, Drama, Melodrama",Netflix
Duty after School: Part 1,"Action, Thriller, Drama, Sci-Fi",VIU Indonesia
Once Again,"Comedy, Romance, Life, Drama",Apple TV
Good Manager,"Business, Comedy, Crime, Drama",Netflix
Big Mouth,"Thriller, Mystery, Law, Drama",Apple TV
Stranger Season 2,"Thriller, Mystery, Law, Drama",Netflix
My Father Is Strange,"Comedy, Romance, Drama",Apple TV
Blind,"Thriller, Mystery, Drama",Apple TV
Vigilante,"Action, Thriller, Psychological, Crime",Disney+
Designated Survivor: 60 Days,"Thriller, Mystery, Drama, Political",Netflix
Bad and Crazy,"Action, Thriller, Mystery, Comedy",Netflix
Money Heist: Korea - Joint Economic Area - Part 2,"Action, Thriller, Mystery, Crime",Netflix
Beautiful World,"Thriller, Mystery, Life, Melodrama",Disney+ Hotstar
Age of Youth,"Comedy, Romance, Life, Drama",Apple TV
Arthdal Chronicles Part 1: The Children of Prophecy,"Historical, Romance, Fantasy, Political",Netflix
Vagabond,"Action, Thriller, Mystery, Crime",Netflix
Rebel: Thief Who Stole the People,"Action, Thriller, Historical",Netflix
Voice,"Thriller, Mystery, Psychological, Supernatural",Apple TV
Reborn Rich,"Business, Drama, Fantasy, Political",Apple TV
"Hi Bye, Mama!","Drama, Family, Melodrama, Supernatural",Netflix
Avengers Social Club,"Comedy, Life, Drama",Apple TV
Just Between Lovers,"Psychological, Romance, Melodrama",Apple TV
One Dollar Lawyer,"Comedy, Law, Drama",Disney+ Hotstar
What's Wrong with Secretary Kim,"Business, Comedy, Romance",Apple TV
Perfect Marriage Revenge,"Business, Romance, Drama, Fantasy",Viki
365: Repeat the Year,"Thriller, Mystery, Drama, Fantasy",Viki
Boyhood,"Action, Thriller, Comedy, Youth",Tubi
Mystic Pop-Up Bar,"Mystery, Comedy, Drama, Fantasy",Netflix
Revenge of Others,"Action, Thriller, Mystery, Drama",Apple TV
Doctor John,"Mystery, Romance, Life, Medical",Apple TV
Save Me,"Action, Thriller, Mystery, Drama",Apple TV
Nobody Knows,"Thriller, Mystery, Drama, Melodrama",SBS World
W,"Thriller, Comedy, Romance, Fantasy",Apple TV
Fight for My Way,"Business, Comedy, Romance, Sports",Apple TV
Kairos,"Action, Thriller, Drama, Sci-Fi",Apple TV
Partners for Justice,"Thriller, Mystery, Law, Medical",Apple TV
Little Women,"Action, Thriller, Mystery, Drama",Netflix
Voice Season 2,"Thriller, Mystery, Psychological, Supernatural",Apple TV
Recipe for Farewell,"Food, Life, Drama",Viki
Love to Hate You,"Comedy, Law, Romance",Netflix
Doom at Your Service,"Comedy, Romance, Drama, Fantasy",Apple TV
Thirty but Seventeen,"Music, Mystery, Comedy, Romance",Apple TV
Mad for Each Other,"Comedy, Romance, Drama",Netflix
Squid Game,"Action, Thriller, Mystery, Drama",Netflix
Itaewon Class,"Business, Romance, Life, Drama",Netflix
One Ordinary Day,"Thriller, Mystery, Law, Crime",VIU Indonesia
Tell Me That You Love Me,"Romance, Life, Drama, Melodrama",Disney+ Hotstar
Pachinko,"Historical, Romance, Drama, Melodrama",Apple TV
"It's Okay, That's Friendship","Comedy, Life",nan
Love All Play,"Romance, Drama, Sports, Melodrama",Apple TV
Because This Is My First Life,"Comedy, Romance, Life, Drama",Apple TV
Castaway Diva,"Music, Comedy, Romance, Drama",Netflix
Gyeongseong Creature,"Action, Thriller, Historical, Sci-Fi",Netflix
Dali and the Cocky Prince,"Comedy, Romance, Drama",Netflix
Lost,"Life, Drama, Melodrama",iQIYI
Angel's Last Mission: Love,"Comedy, Romance, Drama, Fantasy",Apple TV
Circle,"Thriller, Mystery, Sci-Fi",Apple TV
Seasons of Blossom,"Romance, Youth, Drama",Viki
If You Wish Upon Me,"Romance, Life, Drama, Medical",Viki
Summer Strike,"Life, Drama, Melodrama",Apple TV
Snowdrop,"Romance, Drama, Melodrama, Political",Apple TV
The Crowned Clown,"Historical, Romance, Melodrama, Political",Netflix
Duel,"Thriller, Mystery, Sci-Fi",Apple TV
"Work Later, Drink Now","Comedy, Life, Drama",Apple TV
When the Camellia Blooms,"Thriller, Comedy, Romance, Drama",Netflix
Player,"Action, Thriller, Mystery, Comedy",Apple TV
See You in My 19th Life,"Comedy, Romance, Drama, Fantasy",Netflix
Yumi's Cells,"Psychological, Comedy, Romance, Drama",Viki
A Time Called You,"Thriller, Mystery, Romance, Fantasy",Netflix
My Country: The New Age,"Action, Historical, Romance, Drama",Netflix
Hello Monster,"Thriller, Mystery, Psychological, Drama",Apple TV
Tale of the Nine-Tailed,"Thriller, Horror, Romance, Fantasy",Netflix
Train,"Thriller, Mystery, Fantasy",Viki
My Unfamiliar Family,"Life, Drama",Apple TV
The Veil,"Action, Thriller, Mystery, Crime",Viki
Memorist,"Action, Thriller, Mystery, Supernatural",WeTV
Voice Season 3: City of Accomplices,"Thriller, Mystery, Psychological, Supernatural",Apple TV
Military Prosecutor Doberman,"Action, Military, Mystery, Law",Viki
"From Now On, Showtime!","Mystery, Comedy, Romance, Fantasy",Viki
Mad Dog,"Action, Thriller, Mystery",Apple TV
The Good Detective,"Action, Thriller, Mystery, Drama",Netflix
Crash Course in Romance,"Thriller, Mystery, Comedy, Romance",Netflix
Amanza,"Adventure, Life, Fantasy, Melodrama",Kakao TV
The Uncanny Counter Season 2: Counter Punch,"Action, Mystery, Comedy, Supernatural",TVING
Extraordinary You,"Comedy, Romance, Youth, Fantasy",WeTV
The Legend of the Blue Sea,"Comedy, Romance, Drama, Fantasy",Apple TV
I'm Not a Robot,"Comedy, Romance, Drama, Sci-Fi",Apple TV
The World of the Married,"Thriller, Romance, Drama, Melodrama",Disney+ Hotstar
Sell Your Haunted House,"Thriller, Mystery, Comedy, Fantasy",Netflix
Lie After Lie,"Thriller, Romance, Melodrama",Apple TV
Doctor Prisoner,"Thriller, Law, Crime, Medical",Apple TV
Be Melodramatic,"Comedy, Romance, Life, Melodrama",Apple TV
Soundtrack #1,"Music, Romance",Apple TV
Team Bulldog: Off-Duty Investigation,"Action, Mystery, Comedy, Drama",Viki
Voice Season 4: Judgment Hour,"Action, Thriller, Mystery, Supernatural",Apple TV
Extracurricular,"Psychological, Crime, Youth, Drama",Netflix
The Mysterious Class,"Mystery, Horror, Youth, Supernatural",
Come and Hug Me,"Thriller, Mystery, Romance, Melodrama",Netflix
Her Private Life,"Business, Comedy, Romance, Drama",Apple TV
Mad Dog,"Action, Thriller, Mystery",Apple TV
The Good Detective,"Action, Thriller, Mystery, Drama",Netflix
Crash Course in Romance,"Thriller, Mystery, Comedy, Romance",Netflix
Amanza,"Adventure, Life, Fantasy, Melodrama",Kakao TV
The Uncanny Counter Season 2: Counter Punch,"Action, Mystery, Comedy, Supernatural",TVING
Extraordinary You,"Comedy, Romance, Youth, Fantasy",WeTV
The Legend of the Blue Sea,"Comedy, Romance, Drama, Fantasy",Apple TV
I'm Not a Robot,"Comedy, Romance, Drama, Sci-Fi",Apple TV
The World of the Married,"Thriller, Romance, Drama, Melodrama",Disney+ Hotstar
Sell Your Haunted House,"Thriller, Mystery, Comedy, Fantasy",Netflix
Lie After Lie,"Thriller, Romance, Melodrama",Apple TV
Doctor Prisoner,"Thriller, Law, Crime, Medical",Apple TV
Be Melodramatic,"Comedy, Romance, Life, Melodrama",Apple TV
Soundtrack #1,"Music, Romance",Apple TV
Team Bulldog: Off-Duty Investigation,"Action, Mystery, Comedy, Drama",Viki
Voice Season 4: Judgment Hour,"Action, Thriller, Mystery, Supernatural",Apple TV
Extracurricular,"Psychological, Crime, Youth, Drama",Netflix
The Mysterious Class,"Mystery, Horror, Youth, Supernatural",
Come and Hug Me,"Thriller, Mystery, Romance, Melodrama",Netflix
Her Private Life,"Business, Comedy, Romance, Drama",Apple TV
Rich Family's Son,"Romance, Drama, Melodrama",Apple TV
Revolutionary Love,"Business, Comedy, Romance, Drama",Apple TV
Society Obsessed with Love,"Romance, Life, Youth, Drama",tvN D STORY
Replay: The Moment When It Starts Again,"Music, Romance, Youth, Drama",Apple TV
Andante,"Comedy, Romance, Youth, Melodrama",Viki
Private Lives,"Thriller, Mystery, Romance, Crime",Netflix
"Nevertheless,","Romance, Life, Youth, Drama",Netflix
Ms. Perfect,"Mystery, Comedy",Viki
To My Beautiful Woo Ri,"Romance, Drama",
My Little Baby,"Comedy, Romance, Family",Netflix
Miracle,"Romance, Youth",Apple TV
Sweet Stranger and Me,"Comedy, Romance, Life, Drama",Viki
Heartbeat Broadcasting Accident,"Romance",
Alive,"Mystery, Horror, Supernatural",Viki
It's Okay to Be Sensitive Season 3,"Comedy, Youth, Drama",tvn D STORY
Alice,"Mystery, Sci-Fi, Fantasy, Melodrama",Netflix
Bargain,"Thriller, Comedy, Crime, Drama",Apple TV
So Handsome Man, Si Bel Homme,"Comedy, Youth",Kakao TV
Age of Youth Season 2,"Mystery, Comedy, Romance, Life",Netflix
Sh**ting Stars,"Comedy, Romance, Drama",Apple TV
Birthcare Center,"Comedy, Life, Drama, Melodrama",WeTV
100 Days My Prince,"Historical, Comedy, Romance, Drama",Apple TV
Yumi's Cells Season 2,"Comedy, Romance, Life",Viki
The Forbidden Marriage,"Historical, Mystery, Comedy, Romance",Apple TV
My Roommate Is a Gumiho,"Comedy, Romance, Fantasy",Apple TV
One Day Off,"Food, Life, Drama",Viki
Psychopath Diary,"Thriller, Mystery, Comedy, Crime",Viki
True Beauty,"Comedy, Romance, Youth, Drama",Apple TV
Five Enough,"Comedy, Romance, Drama, Melodrama",Viki
The Nokdu Flower,"Historical, War, Political",Netflix
One Spring Night,"Romance, Life, Drama",Netflix
He Is Psychometric,"Thriller, Mystery, Romance, Supernatural",Apple TV
"At a Distance, Spring Is Green","Romance, Life, Youth",Apple TV
A Bloody Lucky Day,"Thriller, Mystery, Psychological, Drama",TVING
Gaus Electronics,"Business, Comedy, Romance, Life",Viki
The Tale of Nokdu,"Action, Historical, Comedy, Romance",Apple TV
The Hymn of Death,"Music, Historical, Romance, Melodrama",Netflix
Search: WWW,"Business, Comedy, Romance, Drama",Apple TV
Money Heist: Korea - Joint Economic Area - Part 1,"Action, Thriller, Mystery, Crime",Netflix
The King's Affection,"Historical, Romance, Drama",Netflix
Super Junior: The Last Man Standing,"Music, Documentary",Disney+
The Beauty Inside,"Comedy, Romance, Melodrama, Supernatural",Apple TV
The Sound of Your Heart,"Comedy, Life, Sitcom",Netflix
God's Quiz: Reboot,"Mystery, Medical",Apple TV
Confession,"Thriller, Mystery, Law, Drama",Apple TV
Class of Lies,"Thriller, Mystery, Law, Youth",Apple TV
Rookie Cops,"Romance, Life, Youth, Drama",Apple TV
Call It Love,"Romance, Drama, Melodrama",Apple TV
Terius behind Me,"Action, Mystery, Comedy, Romance",Kocowa
She Makes My Heart Flutter,"Comedy, Romance",
Again My Life,"Mystery, Law, Drama, Fantasy",Viki
Oh My Ghost,"Thriller, Comedy, Romance, Supernatural",Disney+ Hotstar
Arthdal Chronicles: The Sword of Aramun,"Action, Historical, Romance, Fantasy",Disney+
Divorce Attorney Shin,"Law, Drama",Netflix
Hit the Spot,"Romance, Drama, Mature",Viki
Suspicious Partner,"Thriller, Comedy, Law, Romance",Apple TV
Leverage,"Action, Mystery, Comedy, Crime",iQIYI
Memory,"Law, Romance, Life, Drama",Apple TV
Graceful Family,"Thriller, Mystery, Drama, Melodrama",Viki
My Demon,"Action, Comedy, Romance, Fantasy",Netflix
Lawless Lawyer,"Action, Thriller, Law, Romance",Apple TV
Awaken,"Thriller, Mystery, Crime, Fantasy",Netflix
The Guardians,"Action, Thriller, Mystery, Law",Netflix
King the Land,"Comedy, Romance",Netflix
D-Day,"Drama, Medical",Viki
Celebrity,"Thriller, Mystery, Drama",Netflix
Missing Noir M,"Thriller, Mystery, Drama",
Oh My Venus,"Comedy, Law, Romance, Life",Apple TV
Watcher,"Thriller, Mystery, Drama, Political",Apple TV
The Story of Park's Marriage Contract,"Historical, Mystery, Romance, Fantasy",Wavve
Touch Your Heart,"Comedy, Law, Romance, Drama",Apple TV
The Smile Has Left Your Eyes,"Thriller, Mystery, Romance, Drama",Apple TV
Bulgasal: Immortal Souls,"Thriller, Mystery, Drama, Fantasy",Netflix
Angry Mom,"Comedy, Drama, Melodrama",Apple TV
Love in the Moonlight,"Historical, Comedy, Romance, Drama",Apple TV
Tell Me What You Saw,"Thriller, Mystery",Viki
Oh My Geum Bi,"Comedy, Drama, Melodrama",
Thirty-Nine,"Romance, Life, Drama",Netflix
Live Up to Your Name,"Historical, Romance, Medical, Fantasy",Netflix
Love Playlist Season 4,"Romance, Life, Youth, Drama",WeTV
Are You Human Too?,"Comedy, Romance, Sci-Fi, Fantasy",Viki
May I Help You,"Mystery, Romance, Drama, Supernatural",Apple TV
Song of the Bandits,"Action, Thriller, Historical, Drama",Netflix
Misty,"Thriller, Mystery, Romance, Melodrama",Disney+ Hotstar
Queen for Seven Days,"Historical, Romance, Melodrama, Political",Apple TV
Mine,"Thriller, Mystery, Drama",Netflix
Queenmaker,"Business, Drama, Political",Netflix
Welcome 2 Life,"Comedy, Law, Romance, Fantasy",Apple TV
Salon De Nabi,"Life, Drama",Prime Video
Rookie Historian Goo Hae Ryung,"Historical, Comedy, Romance, Drama",Netflix
Crazy Love,"Comedy, Romance, Drama",Disney+
Agency,"Business, Life, Drama",Netflix
A Korean Odyssey,"Horror, Comedy, Romance, Fantasy",Apple TV
Bad Prosecutor,"Action, Mystery, Comedy, Law",VIU Indonesia
Remember: War of the Son,"Thriller, Mystery, Law, Romance",Netflix
The Sound of Magic,"Music, Psychological, Drama, Fantasy",Apple TV
Who Are You: School 2015,"Mystery, Romance, Youth, Drama",Apple TV
May It Please the Court,"Mystery, Law, Drama",Disney+ Hotstar
The Good Detective Season 2,"Action, Thriller, Mystery, Drama",Viki
XX,"Business, Romance, Life, Drama",PlayList Global
Find Me in Your Memory,"Romance, Drama, Melodrama",Apple TV
Pegasus Market,"Business, Comedy, Drama",Apple TV
When the Weather Is Fine,"Romance, Life, Drama, Melodrama",Apple TV
The K2,"Action, Thriller, Psychological, Romance",Apple TV
Semantic Error,"Comedy, Romance, Life, Youth",Apple TV
Diary of a Prosecutor,"Mystery, Law, Life, Drama",Disney+ Hotstar
Chief of Staff Season 2,"Drama, Political",Netflix
Something about 1 Percent,"Comedy, Romance, Drama",Netflix
A Beautiful Mind,"Mystery, Psychological, Romance, Medical",Viki
Like Flowers in Sand,"Mystery, Comedy, Romance, Life",Netflix
Blue Birthday,"Thriller, Romance, Drama, Fantasy",WeTV
Lovers of the Red Sky,"Historical, Romance, Drama, Fantasy",Viki
"Fanletter, Please","Comedy, Romance",Viki
Bloody Heart,"Historical, Drama, Political",Disney+
Hyena,"Mystery, Comedy, Law, Romance",Netflix
Kill It,"Action, Thriller, Mystery, Drama",WeTV
Jirisan,"Thriller, Mystery, Drama, Fantasy",Viki
Queen of Mystery,"Action, Mystery, Comedy, Drama",Apple TV
Miraculous Brothers,"Mystery, Drama, Fantasy, Supernatural",Viki
Run On,"Romance, Life, Drama, Sports",Netflix
The King: Eternal Monarch,"Mystery, Romance, Drama, Sci-Fi",Netflix
Another Miss Oh,"Comedy, Romance, Melodrama, Supernatural",Disney+ Hotstar
My Lovely Liar,"Mystery, Comedy, Romance, Supernatural",Viki
Black Knight,"Action, Adventure, Drama, Sci-Fi",Netflix
Solomon's Perjury,"Law, Youth, Drama",Disney+ Hotstar
To My Star Season 2: Our Untold Stories,"Romance, Drama",Viki
Black Dog,"Comedy, Life, Drama",Netflix
Search,"Military, Thriller, Mystery, Horror",Viki
Uncle,"Music, Comedy, Drama",Viki
Inspector Koo,"Action, Thriller, Mystery, Comedy",Netflix
The Secret Romantic Guesthouse,"Historical, Mystery, Romance, Drama",Viki
Somehow 18,"Comedy, Romance, Drama, Fantasy",iflix
Destined with You,"Comedy, Romance, Drama, Fantasy",Netflix
Light on Me,"Romance, Youth, Drama",WeTV
"Bring It On, Ghost","Horror, Comedy, Romance, Supernatural",Apple TV
"Work Later, Drink Now Season 2","Comedy, Life, Drama",Apple TV
The Light in Your Eyes,"Romance, Life, Drama, Melodrama",Apple TV
School 2017,"Mystery, Comedy, Romance, Youth",Apple TV
The Penthouse Season 3: War in Life,"Thriller, Mystery, Crime, Drama",Netflix
My Holo Love,"Romance, Drama, Sci-Fi, Melodrama",Netflix
Special Labor Inspector Jo,"Action, Business, Comedy, Drama",Kocowa
Go Ho's Starry Night,"Business, Comedy, Romance, Drama",Viki
Behind Your Touch,"Thriller, Mystery, Comedy, Supernatural",Netflix
Woman of Dignity,"Thriller, Mystery, Romance, Drama",Netflix
Café Minamdang,"Mystery, Comedy, Romance",Netflix
Zombie Detective,"Thriller, Mystery, Comedy, Fantasy",Viki
The Most Beautiful Goodbye,"Life, Melodrama",K-DRAMA
All-Boys High,"Comedy, Youth",
Shopping King Louie,"Comedy, Romance, Life, Drama",Netflix
Uncontrollably Fond,"Comedy, Romance, Drama, Melodrama",Netflix
One the Woman,"Mystery, Comedy, Romance, Drama",Viki
Night Has Come,"Thriller, Mystery, Horror, Youth",Apple TV
Our Blooming Youth,"Historical, Mystery, Romance, Drama",Viki
Why Her?,"Mystery, Law, Romance, Melodrama",Apple TV
A Piece of Your Mind,"Romance, Life, Drama, Melodrama",Apple TV
Evilive,"Thriller, Mystery, Crime, Drama",Roku
Girls' Generation 1979,"Mystery, Romance, Youth, Drama",KBS World
Into the Ring,"Comedy, Romance, Drama, Political",Netflix
Romance Is a Bonus Book,"Business, Comedy, Romance, Melodrama",Netflix
Sassy Go Go,"Romance, Youth, Drama, Sports",Netflix
Falling for Innocence,"Business, Comedy, Romance, Drama",Apple TV
Chimera,"Thriller, Mystery",Viki
The Silent Sea,"Thriller, Mystery, Horror, Sci-Fi",Netflix
Eulachacha Waikiki Season 2,"Comedy, Romance, Life, Drama",Netflix
Never Twice,"Comedy, Romance, Drama, Family",Viki
Start-Up,"Business, Comedy, Romance, Youth",Netflix
A Breeze of Love,"Romance, Sports",iQIYI
Familiar Wife,"Comedy, Romance, Drama, Fantasy",Apple TV
38 Task Force,"Mystery, Comedy, Crime, Drama",Disney+ Hotstar
Live On,"Comedy, Romance, Youth, Drama",Apple TV
Haechi,"Action, Adventure, Historical, Political",Netflix
Chocolate,"Romance, Life, Medical, Melodrama",Netflix
Maestra: Strings of Truth,"Music, Thriller, Mystery, Drama",Disney+
Idol: The Coup,"Music, Youth, Drama",iQIYI
Suits,"Action, Business, Law, Drama",Netflix
Jealousy Incarnate,"Comedy, Romance",Netflix
Mask,"Thriller, Psychological, Romance, Melodrama",Viki
On the Verge of Insanity,"Comedy, Life, Drama",Viki
Money Flower,"Business, Law, Romance, Melodrama",Viki
True to Love,"Comedy, Romance, Life, Melodrama",Prime Video
Doctor Cha,"Comedy, Life, Drama, Medical",Netflix
Narco-Saints,"Action, Thriller, Crime",Netflix
Encounter,"Romance, Drama, Melodrama",Apple TV
Not Others,"Mystery, Comedy, Romance, Drama",Viki
Love Playlist Season 2,"Romance, Life, Youth, Drama",WeTV
Growing Season,"Romance, Life, Youth, Drama",WeTV
Catch the Ghost,"Thriller, Mystery, Comedy, Romance",Prime Video
Remarriage and Desires,"Mystery, Drama, Melodrama",Netflix
To My Star,"Comedy, Romance, Youth",Apple TV
Korea-Khitan War,"Action, Military, Historical, War",Apple TV
Island,"Action, Thriller, Horror, Fantasy",Prime Video
"Link: Eat, Love, Kill","Mystery, Romance, Drama, Fantasy",Apple TV
Black,"Thriller, Mystery, Supernatural",Apple TV
Persona: Sulli,"Drama, Documentary",Netflix
Love Revolution,"Comedy, Romance, Youth, Drama",Viki
Hwarang,"Action, Historical, Comedy, Romance",Apple TV
Witch's Court,"Mystery, Law, Drama",Apple TV
The Package,"Adventure, Comedy, Romance, Life",Disney+ Hotstar
Secret Royal Inspector,"Historical, Mystery, Comedy, Romance",iQIYI
My Strange Hero,"Mystery, Comedy, Romance, Youth",Apple TV
The Law Cafe,"Comedy, Law, Romance",Apple TV
Be My Dream Family,"Comedy, Romance, Drama, Family",KBS World
Mistress,"Thriller, Mystery, Romance, Drama",Apple TV
The Eighth Sense,"Romance, Drama, Melodrama",Viki
Would You Like a Cup of Coffee?,"Life, Drama",WeTV
Do You Like Brahms?,"Music, Romance, Drama, Melodrama",Netflix
The Witch's Diner,"Psychological, Life, Fantasy, Supernatural",Apple TV
The Killer's Shopping List,"Thriller, Mystery, Comedy",Viki
Your Honor,"Comedy, Law, Romance, Drama",Apple TV
Insider,"Action, Thriller, Law",Viki
Love Playlist Season 3,"Comedy, Romance, Life, Youth",WeTV
The Good Wife,"Law, Romance, Drama, Political",
Hit the Top,"Comedy, Romance, Life, Drama",Apple TV
Save Me Season 2,"Thriller, Mystery, Psychological",Prime Video
You Are My Spring,"Thriller, Mystery, Comedy, Romance",Netflix
Twenty Again,"Comedy, Romance, Life, Drama",Apple TV
Blueming,"Romance, Youth, Drama",iQIYI
A-Teen,"Comedy, Romance, Life, Youth",Netflix
Anna: Extended Version,"Thriller, Life, Drama",Prime Video
The Killing Vote,"Thriller, Mystery, Horror",Prime Video
Marriage Contract,"Romance, Drama, Melodrama",Netflix
Miss Hammurabi,"Law, Romance, Life, Drama",Netflix
She Was Pretty,"Comedy, Romance, Drama",Apple TV
Life,"Thriller, Psychological, Drama, Medical",Netflix
Children of a Lesser God,"Thriller, Mystery, Supernatural",Apple TV
Miracle That We Met,"Comedy, Romance, Fantasy, Melodrama",Viki
Kiss Sixth Sense,"Comedy, Romance, Fantasy, Supernatural",Disney+ Hotstar
Brain Works,"Mystery, Comedy",Viki
Chief of Staff,"Law, Drama, Political",Netflix
The Secret Life of My Secretary,"Business, Comedy, Romance, Drama",Netflix
Bossam: Steal the Fate,"Historical, Romance, Life, Drama",Viki
Shadow Detective Season 2,"Mystery, Drama",Disney+
It's Okay to Be Sensitive,"Comedy, Romance, Youth, Drama",tvN D STORY
Tomorrow with You,"Romance, Drama, Melodrama, Supernatural",Apple TV
Island Part 2,"Action, Thriller, Horror, Fantasy",Prime Video
Ho Goo's Love,"Comedy, Romance, Youth, Melodrama",Prime Video
Wok of Love,"Food, Comedy, Romance, Drama",Apple TV
Something in the Rain,"Business, Romance, Life, Melodrama",Netflix
Unlock My Boss,"Thriller, Mystery, Comedy, Fantasy",Viki
The Golden Spoon,"Psychological, Drama, Fantasy, Supernatural",Disney+ Hotstar
Memories of the Alhambra,"Action, Thriller, Romance, Sci-Fi",Netflix
Dear.M,"Romance, Life, Youth, Drama",WeTV
Moment at Eighteen,"Comedy, Romance, Life, Drama",Netflix
Dinner Mate,"Comedy, Romance, Life, Drama",iQIYI
Argon,"Mystery, Drama, Political",Netflix
"Poong, the Joseon Psychiatrist","Historical, Mystery, Romance, Medical",Apple TV
Sweet Home Season 2,"Action, Horror, Drama, Sci-Fi",Netflix
Shadow Detective,"Mystery, Crime, Drama",Disney+ Hotstar
She Would Never Know,"Business, Comedy, Romance, Drama",Netflix
Dokgo Rewind,"Action, Crime, Youth",Viki
"Poong, the Joseon Psychiatrist Season 2","Historical, Mystery, Romance, Medical",Viki
Shadow Beauty,"Thriller, Psychological, Romance, Youth",WeTV
Heart Surgeons,"Action, Life, Drama, Medical",Viki
Doctor Lawyer,"Thriller, Law, Drama, Medical",Disney+ Hotstar
The Universe’s Star,"Music, Romance, Drama, Supernatural",
Joseon Attorney: A Morality,"Historical, Law, Romance, Drama",Viki
Imitation,"Music, Comedy, Romance, Drama",Netflix
The Last Empress,"Action, Thriller, Mystery, Romance",Netflix
V.I.P,"Mystery, Business, Romance, Melodrama",Netflix
Undercover,"Action, Thriller, Mystery, Crime",
Never Give Up,"Comedy, Life, Drama",Netflix
Love Playlist,"Romance, Life, Youth, Drama",WeTV
Spring Turns to Spring,"Business, Comedy, Drama, Fantasy",Apple TV
"Please Come Back, Mister","Comedy, Romance, Drama, Supernatural",Apple TV
"Hello, Me!","Comedy, Romance, Life, Fantasy",Netflix
Twenty-Twenty,"Romance, Youth, Drama",WeTV
The Emperor: Owner of the Mask,"Historical, Romance, Drama, Political",Netflix
Here's My Plan,"Romance, Drama",Viki
Queen of Mystery Season 2,"Action, Mystery, Comedy, Drama",Apple TV
When the Devil Calls Your Name,"Music, Comedy, Drama, Fantasy",iQIYI
Secret Mother,"Thriller, Mystery, Psychological, Drama",Viki
A-Teen Season 2,"Comedy, Romance, Youth, Drama",WeTV
Less Than Evil,"Thriller, Mystery, Psychological, Drama",Viki
So I Married an Anti-Fan,"Music, Comedy, Romance",Viki
The Boy Next Door,"Comedy, Romance, Youth",Dingo K-Drama
Take 1,"Music, Documentary",Netflix
Pied Piper,"Action, Thriller, Mystery, Drama",
The Great Shaman Ga Doo Shim,"Mystery, Romance, Youth, Supernatural",Viki
Last,"Action, Thriller, Crime",Viki
Priest,"Thriller, Horror, Romance, Drama",Apple TV
Real:Time:Love Season 2,"Comedy, Romance, Youth, Drama",WeTV
Mrs. Cop,"Action, Mystery",Apple TV
The Lies Within,"Thriller, Mystery, Drama",Netflix
Falsify,"Thriller, Mystery, Law",Netflix
Once Upon a Small Town,"Comedy, Romance, Life",Netflix
Just Dance,"Romance, Life, Drama, Sports",Viki
The Wind Blows,"Romance, Drama, Melodrama",Netflix
It's Okay to Be Sensitive Season 2,"Comedy, Romance, Youth, Drama",tvN D STORY
School 2021,"Romance, Youth, Drama, Melodrama",Viki
Police University,"Mystery, Comedy, Romance, Drama",Netflix
Sing My Crush,"Music, Comedy, Romance, Youth",iQIYI
My Beautiful Bride,"Action, Mystery, Romance, Crime",Prime Video
Lovestruck in the City,"Romance, Life, Youth, Drama",Netflix
Dr. Brain,"Thriller, Mystery, Sci-Fi, Medical",Apple TV
Decoy: Part 1,"Thriller, Mystery, Crime, Drama",Viki
Let's Eat Season 2,"Food, Comedy, Romance, Drama",Tubi
It's Beautiful Now,"Romance, Drama, Family, Melodrama",KBS World
Fall for You,"Romance, Youth, Fantasy",Apple TV
Marry Me Now?,"Romance, Medical, Melodrama",Apple TV
Our Dating Sim,"Business, Romance",Viki
Tracer,"Action, Thriller, Mystery, Drama",Wavve
W.H.Y.,"Comedy, Romance, Life, Youth",PlayList Global
One Fine Week,"Comedy, Romance",Viki
Love Affairs in the Afternoon,"Romance, Life, Drama, Melodrama",Viki
Goodbye to Goodbye,"Romance, Life, Drama, Melodrama",Kocowa
Doctors,"Comedy, Romance, Drama, Medical",Apple TV
Cheo Yong Season 2,"Mystery, Drama, Supernatural",
Kiss Scene in Yeonnamdong,"Mystery, Comedy, Romance, Melodrama",
All about My Mom,"Romance, Drama, Family, Melodrama",Viki
The Gentlemen of Wolgyesu Tailor Shop,"Comedy, Romance, Life, Drama",KBS World
Good Job,"Mystery, Comedy, Romance, Fantasy",Viki
My Man Is Cupid,"Mystery, Comedy, Romance, Fantasy",Prime Video
Devilish Joy,"Comedy, Romance, Drama",Apple TV
Where Your Eyes Linger,"Romance, Youth, Drama, Melodrama",Apple TV
Queen: Love and War,"Historical, Romance, Fantasy, Political",iQIYI
My Golden Life,"Business, Comedy, Romance, Drama",Apple TV
Just One Bite Season 2,"Comedy, Romance, Drama, Sitcom",WeTV
Let Me Be Your Knight,"Music, Comedy, Romance, Drama",Viki
Battle for Happiness,"Thriller, Mystery, Drama",Prime Video
River Where the Moon Rises,"Action, Historical, Romance, Political",Apple TV
Queen of the Ring,"Comedy, Romance, Drama, Fantasy",
The Girl Who Sees Scents,"Mystery, Romance, Supernatural",Netflix
Joseon Exorcist,"Action, Historical, Drama, Fantasy",WeTV
Hope or Dope 2,"Youth, Drama",Viki
Big Issue,"Thriller, Mystery, Romance, Drama",Apple TV
Where Stars Land,"Comedy, Romance, Fantasy, Melodrama",Apple TV
Heart to Heart,"Psychological, Comedy, Romance",
Mental Coach Jegal,"Comedy, Drama, Sports",Apple TV
"My Lawyer, Mr. Jo","Mystery, Comedy, Law",Viki
Wednesday 3:30 PM,"Comedy, Romance, Life, Youth",Viki
Cross,"Thriller, Mystery, Medical",Tubi
The Matchmakers,"Historical, Comedy, Romance",Viki
Scripting Your Destiny,"Comedy, Romance, Fantasy",Apple TV
The Cursed,"Thriller, Mystery, Horror, Supernatural",Apple TV
Be My Boyfriend,"Comedy, Romance, Youth, Drama",Apple TV
Nice Witch,"Comedy, Romance, Drama, Melodrama",SBS World
Miss Independent Ji Eun Season 2,"Romance, Life, Youth",Dingo K-Drama
Moebius: The Veil,"Action, Thriller, Mystery, Crime",Prime Video
Hospital Ship,"Romance, Drama, Medical",Netflix
Today's Webtoon,"Business, Comedy, Life, Drama",Viki
Miss Independent Ji Eun,"Comedy, Romance, Life, Drama",Dingo K-Drama
Kiss Goblin,"Comedy, Romance, Fantasy, Supernatural",Apple TV
One More Happy Ending,"Comedy, Romance, Youth, Drama",Netflix
I Started Following Romance,"Comedy, Romance, Youth",Viki
A Poem a Day,"Romance, Life, Drama, Medical",VIU Indonesia
The One and Only,"Mystery, Romance, Drama, Melodrama",Netflix
Money Game,"Mystery, Business, Drama, Political",Apple TV
Tracer Season 2,"Action, Thriller, Mystery, Drama",Viki
Secret Royal Inspector & Joy,"Historical, Mystery, Comedy, Romance",Netflix
Numbers,"Action, Thriller, Mystery, Drama",Apple TV
Eve,"Romance, Drama, Melodrama",Apple TV
Should We Kiss First?,"Comedy, Romance, Life, Melodrama",SBS World
Different Dreams,"Action, Historical, Romance, Medical",Viki
Matrimonial Chaos,"Comedy, Romance, Drama",Viki
Trap,"Thriller, Mystery, Psychological, Drama",Apple TV
Two Cops,"Mystery, Comedy, Romance, Supernatural",Apple TV
Good Casting,"Action, Mystery, Comedy, Crime",Viki
Abyss,"Mystery, Comedy, Romance, Fantasy",Netflix
When My Love Blooms,"Romance, Life, Drama, Melodrama",Netflix
Delightfully Deceitful,"Comedy, Crime, Drama",Apple TV
Hope or Dope,"Crime, Youth, Drama",Viki
My Lovely Boxer,"Romance, Youth, Drama, Sports",Viki
Naked Fireman,"Action, Thriller, Mystery, Drama",Viki
Love Tractor,"Comedy, Romance, Life",iQIYI
Delivery Man,"Mystery, Comedy, Romance, Supernatural",Viki
We Are Peaceful Brothers,"Comedy, Romance, Life, Youth",KOK TV
Forest,"Business, Psychological, Romance, Medical",Apple TV
Decoy: Part 2,"Thriller, Mystery, Crime, Drama",Viki
"Saimdang, Light’s Diary","Historical, Mystery, Romance, Melodrama",Netflix
Soul Mechanic,"Comedy, Romance, Drama, Medical",Viki
Strongest Deliveryman,"Business, Comedy, Romance, Life",Netflix
Sweet Revenge,"Comedy, Romance, Youth, Fantasy",Apple TV
The Mermaid Prince: The Beginning,"Mystery, Romance, Youth, Drama",
Anna,"Thriller, Drama",Prime Video
The Game: Towards Zero,"Thriller, Mystery, Psychological, Supernatural",Viki
Your House Helper,"Comedy, Romance, Life",Viki
"Cheat On Me, if You Can","Thriller, Mystery, Comedy, Romance",Apple TV
20th Century Boy and Girl,"Comedy, Romance, Life",Kocowa
Switch: Change the World,"Thriller, Mystery, Comedy, Law",Viki
My Wife’s Having an Affair This Week,"Comedy, Romance, Life, Drama",Disney+ Hotstar
Chip In,"Thriller, Mystery, Comedy",Viki
Beautiful Gong Shim,"Comedy, Romance, Drama",Apple TV
Criminal Minds,"Action, Mystery, Psychological, Drama",WeTV
Just One Bite,"Comedy, Romance, Life, Drama",WeTV
Yong Pal,"Action, Romance, Drama, Medical",Netflix
Grand Prince,"Historical, Romance, Drama, Political",Viki
Ga Doo Ri’s Sushi Restaurant,"Food, Business, Comedy, Romance",Viki
Flower Crew: Joseon Marriage Agency,"Historical, Comedy, Romance, Drama",Disney+ Hotstar
Roommates of Poongduck 304,"Business, Romance",Viki
The Flower in Prison,"Historical, Law, Drama, Melodrama",Viki
Dating Class,"Romance, Youth, Drama",tvN D STORY
Kkondae Intern,"Business, Comedy, Life, Drama",Netflix
The Scholar Who Walks the Night,"Historical, Mystery, Romance, Fantasy",Netflix
Timing,"Romance, Youth, Drama",Viki
Cherry Blossoms after Winter,"Romance, Youth, Drama",Apple TV
My Love Eun Dong,"Romance, Life, Drama",Netflix
Man to Man,"Action, Thriller, Comedy, Romance",Netflix
The Temperature of Language: Our Nineteen,"Romance, Youth, Drama",Apple TV
Homemade Love Story,"Comedy, Romance, Drama",Viki
The Great Show,"Comedy, Drama, Political",Roku
The Deal,"Thriller, Mystery, Crime, Drama",Wavve
Super Family,"Comedy, Romance, Drama, Sitcom",SBS World
Sisyphus: The Myth,"Action, Thriller, Mystery, Sci-Fi",Netflix
Return,"Thriller, Mystery, Law",SBS World
Cinderella and the Four Knights,"Comedy, Romance, Drama",Apple TV
Love after School,"Romance, Youth, Drama",STUDIO DIA
Longing Heart,"Mystery, Comedy, Romance, Fantasy",Viki
How to Buy a Friend,"Mystery, Comedy, Romance, Drama",Viki
King Maker: The Change of Destiny,"Historical, Romance, Drama, Supernatural",Viki
How to Hate You,"Comedy, Romance, Youth, Drama",Lululala Story Lab
The Village: Achiara's Secret,"Thriller, Mystery, Horror, Supernatural",Viki
My Dangerous Wife,"Thriller, Psychological, Drama",Apple TV
Sweet Revenge Season 2,"Thriller, Mystery, Romance, Supernatural",Viki
Longing for You,"Action, Thriller, Mystery, Drama",Viki
Late Night Restaurant,"Food, Life, Drama",Prime Video
Adult Trainee,"Comedy, Romance, Youth",Apple TV
The Royal Gambler,"Action, Historical, Comedy, Drama",Netflix
Girlfriend Project Day 1,"Romance, Youth",
Room No. 9,"Mystery, Drama, Fantasy",Roku
Love Class Season 2,"Romance, Drama",Viki
"Miss Ma, Nemesis","Thriller, Mystery, Drama",Apple TV
My ID Is Gangnam Beauty,"Psychological, Romance, Youth, Drama",Apple TV
"Alice, the Final Weapon","Action, Thriller, Romance, Youth",Viki
Introverted Boss,"Business, Comedy, Romance, Drama",Netflix
Justice,"Thriller, Mystery, Law, Drama",Apple TV
IN-SEOUL Season 2,"Romance, Youth, Drama",PlayList Global
I Have a Lover,"Romance, Drama, Melodrama",Viki
Cat's Bar,"Comedy, Romance, Drama, Supernatural",
So Not Worth it,"Comedy, Romance, Youth, Sitcom",Netflix
Stealer: The Treasure Keeper,"Action, Adventure, Mystery, Comedy",Apple TV
Can You Deliver Time? 2002,"Sci-Fi, Fantasy",배티비 (BAETV)
Doona!,"Romance, Youth, Drama",Netflix
A Good Day to Be a Dog,"Comedy, Romance, Fantasy, Supernatural",Viki
Payback: Money and Power,"Thriller, Mystery, Business, Drama",Prime Video
Judge vs. Judge,"Comedy, Law, Romance, Drama",Netflix
The King in Love,"Historical, Romance, Drama, Political",Apple TV
The World of My 17,"Comedy, Life, Youth, Drama",Apple TV
The Ghost Detective,"Thriller, Mystery, Horror, Supernatural",Viki
You Raise Me Up,"Psychological, Comedy, Romance, Drama",Viki
Moonshine,"Action, Historical, Comedy, Romance",Apple TV
Trolley,"Mystery, Romance, Melodrama, Political",Netflix
Ending Again,"Romance, Youth, Drama",WeTV
One Fine Week Season 2,Romance,WeTV
My Only Love Song,"Historical, Comedy, Romance, Fantasy",Netflix
You Make Me Dance,"Romance, Life, Drama",WeTV
"Beautiful Love, Wonderful Life","Comedy, Romance, Drama, Melodrama",Viki
On the Way to the Airport,"Romance, Drama, Melodrama",
When You Love Yourself,"Comedy, Romance, Life, Drama",tvN D STORY
User Not Found,"Romance, Youth, Drama",Viki
Lucky Romance,"Business, Comedy, Romance, Drama",Apple TV
Moon in the Day,"Thriller, Historical, Romance, Fantasy",Viki
Crash! Insignificant Roommates,"Comedy, Youth",Lululala Story Lab
Let's Eat Season 3,"Food, Comedy, Romance, Life",
Seventeen,"Comedy, Romance, Youth",WeTV
Perfume,"Comedy, Romance, Melodrama, Supernatural",Apple TV
Awl,"Life, Drama",
Jugglers,"Business, Comedy, Romance, Drama",Viki
Jang Young Shil,"Historical, Drama",KBS World
Sketch,"Action, Thriller, Mystery, Supernatural",Apple TV
Out of Breath,"Romance, Life, Drama",
Melancholia,"Romance, Drama, Melodrama",Netflix
A Love So Beautiful,"Comedy, Romance, Life, Youth",Netflix
Like,"Comedy, Romance, Youth",Dingo K-Drama
Dr. Park’s Clinic,"Comedy, Medical",
Short,"Comedy, Romance, Life, Sports",Viki
The Best Ending,"Comedy, Romance, Drama",WeTV
Best Mistake,"Comedy, Romance, Youth, Drama",WeTV
Band of Sisters,"Romance, Drama, Melodrama",Viki
Delayed Justice,"Mystery, Comedy, Law, Melodrama",Apple TV
Mother of Mine,"Business, Romance, Life, Melodrama",KBS World
My Sassy Girl,"Historical, Comedy, Romance",Apple TV
Thumping Spike,"Comedy, Romance, Youth, Sports",Viki
Flower Ever After,"Romance, Life, Youth",WeTV
Please Don't Date Him,"Comedy, Romance, Drama, Sci-Fi",Apple TV
Oh My Baby,"Comedy, Romance, Drama, Medical",Netflix
Mask Girl,"Thriller, Mystery, Comedy, Drama",Netflix
Lies Hidden in My Garden,"Thriller, Mystery, Psychological, Drama",Viki
Romanced,"Mystery, Romance",
The Goddess of Revenge,"Mystery, Drama",Viki
Curtain Call,"Romance, Life, Drama, Family",Apple TV
Dear My Name,"Comedy, Romance, Fantasy",WeTV
Love in Contract,"Business, Comedy, Romance",Viki
High-end Crush,"Comedy, Romance, Drama",Viki
When You Love Yourself Season 2,"Comedy, Romance, Life, Youth",tvN D STORY
Love with Flaws,"Comedy, Romance, Life, Drama",Apple TV
Times,"Thriller, Mystery, Fantasy, Political",WeTV
Between Friendship and Love Season 3,"Romance, Drama",
Casting a Spell to You,"Comedy, Romance, Drama",Viki
EXO Next Door,"Music, Comedy, Romance",LINE TV
Once Again,"Romance, Supernatural",Viki
Entertainer,"Music, Business, Comedy, Drama",Viki
Unintentional Love Story,"Comedy, Romance",iQIYI
Shine or Go Crazy,"Historical, Romance, Supernatural, Political",Viki
The World of My 17 Season 2,"Youth, Drama",WeTV
Connect,"Mystery, Horror, Crime, Sci-Fi",Apple TV
"Not Alright, But It's Alright","Life, Drama",PlayList Global
Dark Hole,"Action, Thriller, Horror, Sci-Fi",WeTV
Big Bet Season 2,"Action, Crime, Drama",Disney+
Single & Ready to Mingle,"Comedy, Romance, Sitcom",WeTV
Whisper,"Thriller, Law, Romance, Drama",Viki
Oasis,"Romance, Youth, Drama, Melodrama",Wavve
My First First Love,"Comedy, Romance, Life, Youth",Netflix
My First First Love Season 2,"Comedy, Romance, Life, Youth",Netflix
"Bravo, My Life","Comedy, Romance",KBS World
My Happy Ending,"Thriller, Mystery, Psychological, Drama",Apple TV
Green Mothers' Club,"Mystery, Drama",Netflix
Dear My Room,"Comedy, Romance, Life, Youth",K-DRAMA
Wanted,"Mystery, Drama, Melodrama",Viki
Hidden Identity,"Mystery, Drama",Tubi
Adamas,"Thriller, Mystery, Drama",Disney+ Hotstar
Stock Struck,"Business, Comedy, Romance, Life",TVING
Feel Good to Die,"Comedy, Romance, Drama, Fantasy",
Bad Guys: City of Evil,"Action, Mystery, Crime, Political",Netflix
Sunny Again Tomorrow,"Romance, Drama",KBS World
Time,"Mystery, Melodrama",Apple TV
All That We Loved,"Romance, Youth",Apple TV
Clean with Passion for Now,"Business, Comedy, Romance, Drama",Apple TV
Everything and Nothing,"Romance, Youth, Melodrama",Viki
Melting Me Softly,"Mystery, Comedy, Romance, Sci-Fi",Apple TV
Baek Hee Has Returned,"Comedy, Romance, Drama",Viki
Real:Time:Love Season 4,"Comedy, Romance, Drama, Sitcom",WeTV
Backstreet Rookie,"Action, Business, Comedy, Romance",Apple TV
Find Me if You Can,"Thriller, Mystery, Romance",
Legal High,"Mystery, Comedy, Law, Drama",Netflix
Still Loving You,"Romance, Drama, Melodrama",KBS World
Do Do Sol Sol La La Sol,"Music, Comedy, Romance, Melodrama",Netflix
Mr. Heart,"Romance, Youth, Sports",Apple TV
Mirror of the Witch,"Historical, Romance, Medical, Fantasy",Viki
High Class,"Thriller, Mystery, Drama",Apple TV
Pale Moon,"Thriller, Mystery, Romance, Drama",Apple TV
Monthly Magazine Home,"Business, Comedy, Romance, Drama",Viki
Best Mistake Season 2,"Comedy, Romance, Youth, Drama",WeTV
Mimicus,"Romance, Youth, Drama",Viki
Doctor Detective,"Thriller, Mystery, Drama, Medical",Apple TV
A Shoulder to Cry On,"Psychological, Romance, Youth, Drama",Wavve
Moorim School,"Action, Romance, Drama, Supernatural",Netflix
Hanging On,"Comedy, Romance, Sitcom",Lululala Story Lab
Top Star Yoo Baek,"Comedy, Romance, Drama",Apple TV
Fantastic,"Comedy, Romance, Drama, Medical",Disney+ Hotstar
Soundtrack #2,"Music, Romance, Drama",Disney+
Sisters-in-Law,"Romance, Drama, Melodrama",
Eccentric! Chef Moon,"Food, Comedy, Romance, Drama",Viki
IN-SEOUL,"Youth, Drama",PlayList Global
I Have Not Done My Best Yet,Comedy,TVING
Nightmare Teacher,"Mystery, Horror, Youth, Supernatural",Netflix
"Bad Thief, Good Thief","Thriller, Comedy, Law, Romance",Viki
Big Bet,"Action, Crime, Drama",Disney+
Love in Sadness,"Romance, Drama, Melodrama",Kocowa
Super Daddy Yeol,"Comedy, Romance, Drama, Medical",Tubi
Liver or Die,"Comedy, Romance, Drama",Netflix
Splendid Politics,"Historical, Drama, Political",Viki
Love & Wish,"Romance, Youth, Drama",WeTV
Show Window: The Queen's House,"Thriller, Mystery, Romance, Drama",Viki
Because It's the First Time,"Romance, Life, Youth",iQIYI
Tempted,"Romance, Youth, Drama, Melodrama",Apple TV
22 Flower Road,"Romance, Youth, Drama",
My Husband Oh Jak Doo,"Comedy, Romance, Drama, Melodrama",Netflix
Ex-Girlfriend Club,"Comedy, Romance, Drama",Tubi
"The King of Tears, Lee Bang Won","Thriller, Historical, Drama, Political",Viki
Crime Puzzle,"Thriller, Mystery, Psychological, Crime",Viki
Reunited Worlds,"Romance, Drama, Melodrama, Supernatural",Netflix
The Fabulous,"Business, Comedy, Romance, Life",Netflix
Second Husband,"Romance, Drama, Melodrama",Viki
"Meow, the Secret Boy","Comedy, Romance, Drama, Fantasy",Viki
Forecasting Love and Weather,"Romance, Drama, Melodrama",Netflix
Bitch X Rich,"Thriller, Mystery, Youth, Drama",iQIYI
My Fellow Citizens!,"Comedy, Romance, Crime, Political",Apple TV
Flat,"Romance, Life, Youth",
The Undateables,"Comedy, Romance, Life, Drama",Viki
To.Two,"Thriller, Psychological, Youth",TVING
Hellbound,"Mystery, Horror, Drama, Supernatural",Netflix
Top Management,"Life, Drama, Supernatural",
Monstrous,"Thriller, Mystery, Horror, Supernatural",Apple TV
Family: The Unbreakable Bond,"Action, Thriller, Comedy, Drama",Disney+
Thumping Spike 2,"Comedy, Romance, Youth, Sports",Viki
"Noble, My Love","Comedy, Romance",Apple TV
Cheer Up,"Mystery, Comedy, Romance, Youth",Viki
Can I Step In?,"Mystery, Comedy, Romance, Drama",
"No, Thank You","Comedy, Romance, Life, Drama",Viki
Want More 19,"Comedy, Romance, Drama",WeTV
Person Who Gives Happiness,"Romance, Family",
Love for a Thousand More,"Music, Comedy, Romance, Supernatural",
What's Your Blood Type?,Comedy,
Cleaning Up,"Comedy, Crime, Drama",Netflix
Rugal,"Action, Thriller, Crime, Sci-Fi",Netflix
Radio Romance,"Business, Comedy, Romance",Netflix
Crushes Reverse,"Romance, Life, Youth",
Woman of 9.9 Billion,"Thriller, Mystery, Drama",Viki
The Banker,"Business, Drama, Political",Viki
Record of Youth,"Romance, Life, Youth, Drama",Netflix
Six Love Story,"Comedy, Romance, Life, Drama",
Behind Every Star,"Comedy, Romance, Life",Netflix
Radiant Office,"Business, Comedy, Romance, Drama",Kocowa
Dae Jang Geum Is Watching,"Food, Comedy, Romance, Supernatural",Viki
Soul Plate,"Food, Fantasy",
Temperature of Love,"Food, Comedy, Romance, Life",Apple TV
The Heavenly Idol,"Comedy, Romance, Drama, Fantasy",Viki
The Escape of the Seven: War for Survival,"Thriller, Mystery, Drama",Wavve
Convenience Store Fling,Romance,Dingo K-Drama
Color Rush,"Mystery, Romance, Drama, Supernatural",Apple TV
The Producers,"Comedy, Romance, Drama",Netflix
Witch's Love,"Comedy, Romance, Drama, Fantasy",Viki
Assembly,"Law, Drama, Political",Viki
Our Relationship Ended before It Began,"Romance, Drama",
"Breakup Probation, A Week","Romance, Drama, Fantasy",Viki
Grid,"Action, Thriller, Mystery, Sci-Fi",Disney+
Golden Pouch,"Food, Romance, Drama, Melodrama",
Enemies from the Past,"Romance, Family, Melodrama",
Risky Romance,"Comedy, Romance, Medical",Apple TV
Make a Woman Cry,"Romance, Drama, Melodrama",
Failing in Love,"Romance, Life, Youth, Drama",Viki
Woman with a Suitcase,"Law, Drama, Melodrama",
Re-Feel,"Comedy, Romance, Youth, Drama",WeTV
About Time,"Music, Romance, Fantasy, Melodrama",Apple TV
Boss-dol Mart,"Business, Comedy, Drama",Viki
"Remember, Hari 2","Mystery, Horror, Romance, Supernatural",Tooniverse
New Love Playlist,"Romance, Youth, Drama",Viki
Unicorn,"Comedy, Sitcom",
Bon Appetit,"Food, Romance",iQIYI
Love Is for Suckers,"Comedy, Romance",Viki
The Sound of Your Heart: Reboot Season 2,"Comedy, Family, Sitcom",Netflix
Warm and Cozy,"Food, Comedy, Romance",Netflix
"Yeah, That's How It Is","Comedy, Romance, Family",
Hush,"Mystery, Business, Comedy, Life",iQIYI
Taste of Cat,"Comedy, Romance, Drama, Supernatural",
Let Me Off the Earth,"Romance, Youth, Drama, Fantasy",PlayList Global
Hunted,"Thriller, Mystery",Viki
The Spies Who Loved Me,"Action, Mystery, Comedy, Romance",iQIYI
Vampire Detective,"Thriller, Mystery, Supernatural",Prime Video
Graceful Friends,"Mystery, Life, Drama",Disney+ Hotstar
I Wanna Hear Your Song,"Music, Mystery, Comedy, Romance",Viki
Just One Bite: Pilot,Romance,PlayList Global
Must You Go?,"Music, Historical, Romance, Fantasy",Viki
Youtuber Class,"Life, Youth",KOK TV
Not a Robot,"Romance, Youth, Sci-Fi",Dingo K-Drama
Wish Woosh Season 2,"Comedy, Romance, Drama",WeTV
To Be Continued,"Music, Comedy, Fantasy",
Ghost VRos,"Mystery, Comedy, Supernatural",Viki
Wish You: Your Melody From My Heart,"Music, Romance, Drama",Netflix
The Time We Were Not in Love,"Comedy, Romance, Youth",Viki
Lovers in Bloom,"Comedy, Romance, Melodrama",KBS World
A Model Family,"Thriller, Mystery, Crime, Drama",Netflix
My Healing Love,"Life, Drama, Family",Kocowa
The Guilty Secret,"Comedy, Romance, Youth, Drama",WeTV
"Remember, Hari","Mystery, Horror, Romance, Supernatural",WeTV
The Liar and His Lover,"Music, Comedy, Romance, Youth",WeTV
The Master of Revenge,"Food, Mystery, Drama, Melodrama",Viki
"Maybe, Maybe Not","Comedy, Romance, Life, Supernatural",STUDIO DIA
Hide and Seek,"Romance, Drama, Melodrama",Apple TV
Mute,"Music, Romance, Supernatural",Viki
Doubtful Victory,"Thriller, Mystery, Drama",SBS World
"Hyde, Jekyll, Me","Psychological, Comedy, Romance, Drama",Netflix
4 Reasons Why I Hate Christmas,"Comedy, Romance, Drama",PlayList Global
"Good-bye, Mr. Black","Thriller, Business, Romance, Drama",Viki
The Lover,"Comedy, Romance, Life",
Mrs. Cop Season 2,"Mystery, Drama",Apple TV
I Picked Up a Star on the Road,"Comedy, Romance",Apple TV
Second to Last Love,"Romance, Life, Drama",Viki
Govengers,"Comedy, Youth, Supernatural",Kocowa
9 Seconds: Eternal Time,"Romance, Life, Drama, Supernatural",
"Don't Lie, Rahee","Romance, Youth",KOK TV
Cold Blooded Intern,"Comedy, Life, Drama",VIU Indonesia
Yellow,"Music, Romance, Youth",WeTV
"Romance, Talking","Romance, Youth, Drama",KBS World
Love Scene Number,"Romance, Life, Drama",Viki
Love Mate,"Comedy, Romance, Drama",Viki
100% Era,"Romance, Youth",
Love Playlist Pilot,"Romance, Life, Youth, Drama",PlayList Global
A Daughter Just Like You,"Comedy, Romance, Family, Melodrama",Wavve
Summer Guys,"Music, Romance, Youth, Drama",Viki
Unkind Women,"Comedy, Romance, Drama",KBS World
Real:Time:Love,"Comedy, Romance, Drama, Sitcom",WeTV
Tong: Memories,"Action, Youth, Drama",Netflix
Love (ft. Marriage and Divorce) Season 2,"Romance, Life, Drama",Netflix
Your Imagination Becomes Reality,"Romance, Youth",채널 십오야 15Ya
Yonder,"Life, Drama, Sci-Fi, Melodrama",Prime Video
The IDOLM@STER.KR,Music,Prime Video
One More Time,"Music, Romance, Youth, Fantasy",Netflix
Pandora: Beneath the Paradise,"Action, Thriller, Drama, Melodrama",Disney+
Secret Playlist,"Romance, Youth, Drama",TVING
Drinking Solo,"Food, Comedy, Romance",
My Secret Romance,"Comedy, Romance, Life, Drama",Apple TV
Pumpkin Time,"Romance, Youth, Sports, Fantasy",WeTV
Bad Papa,"Adventure, Romance, Drama, Sports",Kocowa
The Best Moment to Quit Your Job,"Comedy, Romance, Life, Drama",
"Father, I’ll Take Care of You","Romance, Drama, Melodrama",Viki
No Time for Love,"Romance, Life, Youth",Dingo K-Drama
Ms. Temper & Nam Jung Gi,"Business, Comedy, Life, Drama",Viki
The Promise,"Romance, Melodrama",KBS World
House of Lies,"Thriller, Mystery",TVING
Let Me Introduce Her,"Mystery, Psychological, Romance, Melodrama",Apple TV
A Pledge to God,"Romance, Life, Family, Melodrama",Kocowa
My Romantic Some Recipe,"Food, Romance, Fantasy",
Real:Time:Love Season 3,"Comedy, Romance, Drama, Sitcom",WeTV
The Love in Your Eyes,"Romance, Drama",Viki
My Woofy Poofy Love,"Romance, Drama, Fantasy",STUDIO DIA
Last Minute Romance,"Comedy, Romance, Drama",iflix
Long Time No See,"Action, Romance, Crime, Drama",Wavve
Pop Out Boy!,"Comedy, Romance, Drama, Fantasy",WeTV
Heard It Through the Grapevine,"Comedy, Romance, Melodrama",Viki
My Only One,"Comedy, Romance, Drama",Netflix
My Neighbor Soo Jung,"Romance, Drama",
My Mukbang Diary,"Food, Youth",Tooniverse
Someday Office,Romance,
"Bamboo: 9pm, Please Tell My Story",Romance,
Still You,Romance,
Love On Live,Romance,
Hello! This Is Starbucks,Life,
Fool And Idiot,"Comedy, Romance",
10000 Ways to Become a Couple,Romance,Prime Video
Coffee Love Coffee Season 2,Romance,
Unrealistic Youtuber,Comedy,
Welcome to the Sandbox,"Romance, Drama",CheezeFilm
"Worth Love, Bo Ram","Comedy, Romance",
Loan to You,"Business, Comedy",
Something Unique,Drama,
Coffee Love Coffee,Romance,
Company Romance,Romance,
Happy Talk,Comedy,
No One Special,"Romance, Drama",
Snow Blossom,"Romance, Life, Youth",
Twenty: Moon,Romance,CheezeFilm
The Girls Double Life,"Music, Romance, Drama",
A Day of Dating,"Romance, Life, Drama",
The Sloppy Life Of Kang Dae Choong,"Romance, Life",
Painless Youth,"Youth, Drama",
Drama Made with You,"Romance, Youth",
A Madly Realistic Story,"Romance, Youth",
Only Boy,Comedy,
Scene and Box Season 2,Romance,
Wharf Roach,"Thriller, Sci-Fi",
Fancafe,"Comedy, Romance, Youth",AsianCrush
Straight Sassy Season 2,Comedy,
To You Who Begins to Love,"Romance, Drama, Melodrama",
Motae Solo,Romance,
Between,"Romance, Youth",CheezeFilm
On the Turf,Romance,
Take It or Leave It,"Romance, Drama",
Engineering Sensibility,Romance,
Descendants of the Airport,"Romance, Drama",
Kiss Me If You Can,Romance,
Night of Love,"Mystery, Romance",
Miss Kim's Secret Life,Comedy,
Rinza Noodle House,"Romance, Fantasy",
"Idol, Protect The World","Comedy, Fantasy",
Zero Ability for Dating,Romance,
Jeju Sea Water,Fantasy,
Global Travel Agency Gaboiso,"Comedy, Sitcom",
Temperature: First,Romance,CheezeFilm
Rickety Rackety Family,"Comedy, Drama, Family",
The Escape Story of a Plastic Spoon,,
"Now, Parliament Is 36.5",Political,
Secretly Sweetly Season 2,"Thriller, Mystery",
Mr. Kang,"Comedy, Life, Drama",
Artificial Intelligence Hamlet,Business,
My 100th Election,"Life, Youth",
Armored Saurus,"Action, Adventure, Tokusatsu, Sci-Fi",Netflix
Real Siblings,Comedy,
Meeting Plaza,"Comedy, Romance, Youth, Melodrama",
I'm Not a Loser,Drama,
Club Room B102,"Romance, Drama",
Part-time Student,Romance,
"If in Love, Choose an Ordinance?!",Political,
Love Assistant,Romance,
King of Convenience,"Comedy, Sitcom",
LOVE up-date,"Romance, Drama",
Go With,"Drama, Family",
ShorTest,,
One Fun Girl,"Action, Comedy, Fantasy, Sitcom",
Calm Down,Life,
The Worst Break-up in My Life,"Romance, Drama",
Cheol Soo And O2,Drama,
Blind,"Comedy, Romance, Youth",AsianCrush
Goblin's Light,Romance,
Unwrap the Age of 13,"Life, Youth",
A Day for Romance,Drama,
Artist Grandma,"Adventure, Comedy",AsianCrush
Simple Relatable Drama,"Life, Youth",
Youth Syndrome,"Comedy, Romance",Kocowa
At First Sight,"Romance, Drama",
Crow Building,,AsianCrush
Oh! Grandmas,"Drama, Family",
Employment War Season 2,"Comedy, Life",AsianCrush
Girl’s War,"Youth, Drama",Viki
Tutorial,Romance,
The World of CC,"Romance, Youth, Drama",
Shall We That’s,"Life, Drama, Melodrama",
Three Sided Love,Romance,
Focus to You 3,"Comedy, Romance, Youth",
Youth on the Road,Comedy,KOK TV
Multi Personality Girl,"Romance, Youth",CheezeFilm
Just Friend,"Comedy, Romance",
Miss Mamma Mia,"Romance, Drama, Melodrama",
Webtoon Hero - Tundra Show Season 2,Family,
When Life Gives You Lemons,"Comedy, Life",
Confession Company,Romance,
Themselves,"Romance, Drama",
72 Seconds Season 3,"Comedy, Romance, Life",
I Ate Well Today,"Comedy, Life",tvN D STORY
Dear My Girlfriend,"Romance, Drama",
Girlfriend in the Men's Group,"Comedy, Romance, Youth",CheezeFilm
Focus to You 2,"Comedy, Romance, Youth",
Immortal Goddess,"Comedy, Romance, Drama, Supernatural",Prime Video
Issue Makers,"Comedy, Drama",Viki
Mysterious Nurse,"Romance, Drama, Medical, Fantasy",Prime Video
Nice Na Ik Soo,"Comedy, Drama",
Work & Love Balance,"Romance, Life",
High! Touch,"Romance, Youth, Drama",
Love #Hashtag,"Comedy, Romance, Youth",
College Life That Everyone Wants,Youth,
88 Street,Drama,
About Youth,"Business, Life",Vanilasee
Jal Pa Gin Love,"Romance, Drama",
Love in Blue,"Comedy, Romance",
Green Fever,Comedy,Kocowa
Lemon Car Video,Romance,tvN D STORY
Single Wife,"Comedy, Romance, Drama",Apple TV
Romantic Boss,"Comedy, Romance, Life, Drama",
The All-Round Wife,"Drama, Family, Melodrama",Prime Video
Focus to You,"Comedy, Romance, Youth",
Tickle Tickle,Romance,
Shady Mom-in-Law,"Mystery, Romance, Drama, Melodrama",
3 AM,Drama,
Swan,Medical,
Our Friendship 0.5cm,Life,
City of the Sun,"Mystery, Law, Drama, Melodrama",
Dxyz,"Comedy, Life",
Dalgona Season 2,"Youth, Drama",
Happy Ending,"Psychological, Romance, Supernatural",
Trust Us and Be Patient,"Life, Youth",
Supernatural,"Comedy, Romance, Supernatural",
Scene Number Paran,"Comedy, Romance, Youth",Viki
Super Smart Quiz Show,"Youth, Sci-Fi",
The One Serving House,"Comedy, Romance, Drama",
Nineteen,"Romance, Youth",
Take Care Of The Goddess,"Romance, Drama",
Detective Alice Season 2,"Food, Mystery, Comedy, Romance",Kocowa
The Superman Age,"Comedy, Supernatural",
A Touch on Your Cheek,"Comedy, Romance, Fantasy",
Everybody Say Kungdari,"Life, Drama, Family",
Iron Lady Cha,"Comedy, Romance, Drama, Family, Melodrama",
"TV Novel: Waves, Waves","Family, Melodrama",
In Your Dream,"Romance, Drama",Prime Video
Uigeumbu,"Romance, Youth",
Color Prison,"Romance, Youth",
Miss Kim's Secret Life Season 2: Consumption,Comedy,
Artist Disappearance Case,"Adventure, Thriller, Mystery, Fantasy",
Translation-Needed Love Season 3,"Comedy, Romance",
Happy Talk Season 2,Comedy,
Lululala Pawn Shop,"Comedy, Fantasy",
Winter Vacation,"Romance, Youth",
Love Intern Choi Woo Sung,"Comedy, Romance",Vanilasee
The Reason I Hate You,"Comedy, Romance, Youth",Kocowa
Case Cell Division,"Business, Comedy, Romance",Apple TV
Hello Busking,"Comedy, Romance, Youth, Drama",
Secrets and Lies,"Business, Romance, Melodrama",
My Sister Season 2,"Youth, Family",CheezeFilm
Listen To Her Heart,"Romance, Drama",
Best Teamwork,"Romance, Life, Youth",
TV Novel: A Sea of Her Own,"Drama, Family, Melodrama",
Wanna Sleepover Season 2,"Romance, Drama",
Hororong Story,Comedy,
I Don't Care,"Thriller, Romance",KOK TV
You Are a Gift,"Romance, Drama, Melodrama",
Ply Friends: Seoyeon University Class of '22,"Romance, Youth",
Cheeze Go,"Life, Youth",CheezeFilm
Sweet and Salty Fairy,"Comedy, Romance, Youth, Fantasy",
Re: Search,"Life, Youth",
Hearts and Hari,"Horror, Comedy, Romance, Supernatural",Tooniverse
Twist Beauty,Drama,
Beautiful You,"Romance, Family",
Return Love,Romance,
A Double Table,"Comedy, Romance",
Usual Yet Unusual Season 2,"Romance, Drama",
Horror Monday,Horror,
Mr. Lee,"Mystery, Romance",Kakao TV
International Student Haha Introduction,"Comedy, Romance",
My YouTube Diary Season 2,"Comedy, Romance, Youth",Tooniverse
MBTI Love,"Romance, Youth",
My Boss Is a Million YouTuber,"Comedy, Drama",
Phoenix 2020,"Business, Romance, Drama, Melodrama",Viki
Usual Yet Unusual,"Romance, Drama",
Yeokkeuni Season 3,Life,
You Don’t Even Know The Taste of Americano,"Romance, Youth",
Bamboo Forest,Youth,
Translation-Needed Love,"Comedy, Romance",
To Be Honest,"Youth, Drama",KOK TV
LOVE-Imong Season 2,"Romance, Youth",
Do You Want to Play the Truth or Dare with Me? Reboot,"Comedy, Romance",
MU:D Vol. 1,"Romance, Drama",
Between Friends,Romance,
Ready for Start - Vol. 1,"Business, Comedy, Drama",
It Was Spring,"Comedy, Romance, Youth, Drama",
Love Security,"Thriller, Comedy, Romance",AsianCrush
A Guy Friend 14 Days Before,"Romance, Youth",
My YouTube Diary,"Life, Youth",Tooniverse
We Only See Each Other at Night,"Romance, Drama",
You I Didn't Know,"Comedy, Romance, Youth",Viki
I'm a Hero,Drama,
Sympathy,"Romance, Youth",CheezeFilm
Special Record on Earth,Drama,
Why Do Women Always Get Upset?,"Comedy, Romance, Life, Drama",
School of Start,"Youth, Drama",
Sweat Romance,Romance,
Sweat Romance Season 2,Romance,
A Special Meal of the Weirdo 'Nara',"Food, Historical, Drama",
Idol and I,Romance,
The Girls on the Phone,"Comedy, Life, Youth, Drama",
Always Springtime,"Romance, Drama, Family, Melodrama",
Witch's Castle,"Romance, Drama, Family, Melodrama",
Calm Down Cheon Doong,Drama,
Why Opposites Attract,,
Clumsy Love,"Romance, Youth, Drama",
Intern Z,"Comedy, Life, Drama",
I'm Not a Girl Anymore,Romance,
Aim High,"Youth, Drama",
Campus Freshman,"Comedy, Youth",
Lies of Spring,Romance,AsianCrush
Youn Hee's Love,Romance,
Office Record,Drama,
When the Apple of Eye Shattered,Comedy,
Yunseul,"Historical, Romance, Fantasy",
Jo Mi Ryo,"Food, Drama, Fantasy",
Bunny Bunny,"Adventure, Comedy, Fantasy",
Autumn Blossom,Romance,
Heroes,"Youth, Supernatural",Viki
Love on Green,"Comedy, Romance, Sports",
Begin Now,Romance,
"Revive Hope, Mister Go Yong",Drama,
Dance No.15,"Life, Youth",
"Oh, Yeojeong: Busan",Romance,
"Eat, Fight, and Live Together","Food, Romance",
We Are Alone,"Romance, Drama",
House of Kok,Comedy,KOK TV
VB Travel Agency,"Romance, Life",
A Successful Geek,"Comedy, Drama",
The Best Day,"Romance, Drama",
Yeokkeuni Season 2,Life,
Ongoing Loved One,"Romance, Youth, Fantasy",
Dream Change Laundromat,"Mystery, Romance, Fantasy",Prime Video
Wanna Sleepover,"Romance, Drama",
Campus Romance Today's Drinking Diary,"Comedy, Life, Youth",Vanilasee
Some Light,"Music, Romance",Kocowa
"Pro, Teen","Youth, Drama",
Straight Sassy,Comedy,
Do You Know Love?,"Comedy, Romance, Fantasy",Kocowa
My Lovely Caffeine,Romance,
Civil Service Exam Student,"Life, Youth",
Welcome to Amazon,Drama,
Something Music Season 2,"Music, Drama",
Cinema Club,Youth,
The Price of a Life,,
Kazua Library,"Thriller, Comedy, Supernatural",
One's Own Love,"Romance, Youth, Drama",
Yeokkeuni,"Romance, Drama",Vanilasee
From Classmate to Roommate,"Comedy, Romance, Youth",
Ask Miss Shin,"Drama, Supernatural",
"Yum Yum, How Tasty! 2",Food,Vanilasee
Paparazzi Girlfriend,"Comedy, Romance, Drama",AsianCrush
Scene and Box: Season of Love,Romance,
"Yum Yum, How Tasty!",Food,Vanilasee
I'm Watching You,Crime,
Fall In Love With Your Coffee,Life,
"City's Night, Star","Business, Romance, Drama",
New Recruit Season 2,"Military, Comedy, Drama",
Love is Actually With You,Romance,AsianCrush
Deoksaeng Reversal,"Youth, Drama",
The Supernatural Agent,"Thriller, Mystery, Fantasy, Supernatural",TVING
Null Maybe,Drama,
No Bad Days Season 2,"Romance, Drama",
"Yes, I See","Romance, Youth, Drama",
Sweaty House,,
Shall We Link Season 2,"Romance, Youth",
Secret Friend,Youth,
"Sure, Sure","Comedy, Romance, Drama",AsianCrush
Once Upon a Time in Gwangju,"Historical, Drama",
Living With a Ghost,"Horror, Comedy, Romance, Supernatural",
Shall We Link,"Romance, Youth",AsianCrush
Someday,"Romance, Youth",AsianCrush
Sugar Coating,"Romance, Life, Youth, Drama",
Cramped Love,Romance,
Scene and Box,"Romance, Youth",
The Birth of a Nation,"Comedy, Sitcom",
SM Culture Universe: aespa,Music,
Crash! Insignificant Reunion,"Comedy, Youth",
Problematic Detective Agency,Mystery,
Full Count,"Sports, Documentary",Disney+
The Secret of the Grand Mansion: The Missing Girls,"Mystery, Comedy",
Between Us,Romance,
Better Things,Sitcom,
KBS Drama Special 2023,Drama,Viki
"Oh, Yeojeong",Romance,
My Daughter's Just Like Me,"Drama, Family",
Stray Directors,Documentary,
Three Kingdom Wars - Imjin War 1592,"Historical, Documentary",
Smashing on Your Back,"Comedy, Sitcom",
We See Winter,Drama,
Welcome to Heal Inn,"Food, Life",
I Want to Live an Easy Life,"Comedy, Sitcom",TVING
Our D-Day,"Comedy, Youth, Drama",
Welcome to My Lab Season 2,"Romance, Youth",Tooniverse
My Love: Six Stories of True Love,"Romance, Drama, Documentary",Netflix
"Oh, Yeojeong: Summer","Romance, Life",
Oh My God! Tip Series 2,Romance,
The Driver,Drama,
Damn Good Company,"Business, Comedy",
Welcome to My Lab,"Romance, Youth",Tooniverse
Midnight Thriller,"Thriller, Drama",
Fork You Boss,"Food, Comedy, Life, Sitcom",Lululala Story Lab
Our Baseball,"Life, Drama, Sports",
A Film About Grooming,"Youth, Drama",
SPUNK,Drama,
Forever Young 2,"Comedy, Romance, Life, Drama",
Webtoon Hero - Tundra Show,Family,
Moonlight Sonata,Drama,
Fantasy Timing,"Life, Family",
Mukeo Bar,"Comedy, Life",
"No, Thank You Season 2","Comedy, Romance, Life, Drama",Viki
Fork You Boss Season 2,"Food, Comedy, Life, Sitcom",Lululala Story Lab
"Don't Swallow It Today, Too",Romance,TVING
Legend Hero,"Tokusatsu, Sci-Fi",
Oh My God! Tip Series 3,Romance,
We're Not Trash,"Psychological, Romance, Youth",KOK TV
My Mother Is a Daughter-In-Law,"Comedy, Drama, Melodrama",
Camellia,Political,
HOW-TO,"Comedy, Life",
Love Is Jungle,Romance,
Dream Maker,"Drama, Sci-Fi",TVING
Can You Deliver Time?,"Life, Fantasy",배티비 (BAETV)
"I'm a Mother, Too","Business, Romance, Family, Melodrama",
Political Fever,"Comedy, Sitcom, Political",Viki
Working Mom Parenting Daddy,"Comedy, Drama, Family, Melodrama",
Big Forest,"Comedy, Life, Drama",Apple TV
My Ex Diary,Romance,
Half-Fifty,"Comedy, Youth",
Why Opposites Attract Season 2,,
Somehow Family,"Romance, Drama, Family, Sitcom",Tubi
Welcome to the Lesbian Bar,"Romance, Life",
I've Got My Eye on You,Business,SBS VOD
Hip Hop King: Nassna Street,"Music, Youth, Drama",Apple TV
The Sensible Life of Director Shin,"Comedy, Romance",AsianCrush
Only You,Life,KOK TV
Just Too Bored,"Mystery, Business, Comedy, Romance",
Sometoon 2021,"Romance, Youth",
A DeadbEAT's Meal,"Food, Romance, Life",TVING
The Ordinary Life of Ms. 'O'! Season 3,"Comedy, Life",72sec TV
The Jingbirok: A Memoir of Imjin War,"Historical, Drama, Political",
To Me to You,Drama,
Return of Fortunate Bok,"Romance, Family, Melodrama",
Instant Romance,"Comedy, Romance, Drama",
I Hate Going to Work,"Business, Comedy, Life, Drama",
Noise,"Youth, Supernatural",
Beginning,"Comedy, Romance, Life, Youth",
Oh My God! Tip,Romance,
The Birth of a Married Woman,"Comedy, Romance",Viki
On the Campus,"Comedy, Youth",
Here Comes Love,"Romance, Drama, Family, Melodrama",
Poetry Story,"Comedy, Life, Drama",Kocowa
Mom,"Drama, Family",
The Ordinary Life of Ms. 'O'! Season 2,"Business, Comedy, Life",72sec TV
Do You Want to Eat?,"Food, Family",
What a Wonderful World,Life,
Youth Again,"Comedy, Family, Fantasy, Supernatural",tvN D STORY
Everyday Loves,"Comedy, Romance",
Everywhere and Nowhere,"Romance, Youth, Drama",
Man in the Shower,"Comedy, Romance, Life, Drama",AsianCrush
TV Novel: The Stars are Shining,"Historical, Romance, Drama, Family, Melodrama",
"I Love You, Loser!","Comedy, Romance, Life, Drama",
Cheongchunhyang Jeon,Romance,
BReal Bro&Sis,"Comedy, Drama",
Fall In Mulberry,"Food, Comedy, Romance, Youth",
Strange School Tales,"Mystery, Horror, Drama, Supernatural",Kakao TV
"Nineteen, Logout","Adventure, Youth",
Secret Crushes: Special Edition,"Romance, Youth, Drama",KOK TV
Horror Mailbox,Horror,
Hong Ik Super,"Mystery, Comedy, Romance, Supernatural",Apple TV
Re-Feel: If Only,"Comedy, Romance, Fantasy",
I Need Standards,"Comedy, Romance",
Friend and Kiss,Romance,CheezeFilm
2021 Summer Drama Collage: Monster Mansion,"Thriller, Mystery, Horror, Supernatural",
Sweet and Salty Office,"Food, Romance",
A Ticket to India,"Adventure, Comedy, Romance",
Irish Uppercut,"Food, Comedy, Drama, Fantasy",Viki
Doo Teob's Pretty Easy School Life,"Life, Youth",Lululala Story Lab
Oh My Captain,"Military, Comedy, Romance, Drama",
"380,000 km Between You and Me","Comedy, Romance",
Ugly Miss Young Ae Season 14,"Comedy, Drama",
"Not Alright, But It's Alright: Pilot",Life,
Justice Team,"Mystery, Law, Drama",
Virtual Excitement,Romance,
Arim Inn the Forest,"Romance, Life",Viki
Soul Driver,"Mystery, Fantasy",Viki
Farming Academy Season 2,"Romance, Life, Youth",Kocowa
Time of Miracle: Loss Time,"Comedy, Drama",
Room Of Her Own,"Life, Youth",
Rudyteen,"Romance, Youth",
Time to Be Together 1:11,"Music, Romance, Youth",
Tell Me You've Changed,"Romance, Drama",
You Will Love Me,"Comedy, Romance, Drama",
X-Garion,Tokusatsu,
SURF 101: Intro to Romance,"Comedy, Romance, Youth, Sports",
Nara's Marvelous Days,"Comedy, Romance, Life, Drama",
Jump! Jump! Jump!,"Music, Comedy, Romance",Tubi
My Old Friend,"Comedy, Life, Youth, Drama",
Shinjikki,"Romance, Drama, Fantasy",
Heart.zip,Romance,
Travel Through Romance Season 1.5,"Food, Adventure, Romance",
How to Deal With First Love,"Romance, Youth",
Secret Crushes Season 3,"Romance, Youth, Drama",
I Know Because I've Tried It,Comedy,
Short Paper,"Romance, Youth",
Shining Na Ra,"Comedy, Youth, Fantasy",Tooniverse
Sandwich Theory,Romance,
Victory For Tomorrow,"Romance, Life, Drama, Family",
Mood Maker,"Comedy, Romance",
The Return of Hwang Geum Bok!,"Drama, Family, Melodrama",
Secret Crushes Season 2,"Romance, Youth, Drama",
The Dearest Lady,"Romance, Drama, Family, Melodrama",
"Drink, Sing and Dance Season 2","Comedy, Romance, Youth",
Office Watch Season 2,"Comedy, Romance, Drama",KBS World
Third Person Dating Perspective,Romance,
Tell Me Sick,"Drama, Medical",
Short Paper Season 3,"Comedy, Romance, Youth",
Ugly Miss Young Ae Season 16,"Comedy, Romance, Life",
Ugly Miss Young Ae Season 17,"Comedy, Life, Drama",
No Bother Me,"Romance, Youth",
In-Out Sider,"Comedy, Romance, Supernatural",
Sweet 20,"Romance, Youth",
Ugly Miss Young Ae Season 15,"Comedy, Romance, Life",
Because It's My First Time,"Comedy, Romance, Life",
Natural Romance,"Comedy, Romance",
The Ordinary Life of Ms. 'O'!,"Comedy, Life",AsianCrush
Our Love Story,"Romance, Life, Drama",Dingo K-Drama
A Bird That Doesn't Sing,"Romance, Drama, Family, Melodrama",
Short Paper Season 2,"Comedy, Romance, Life, Youth",
Cha Ta Gong In,"Life, Youth, Drama",
Heart Way,"Romance, Youth",
Do With All Your Heart Today,"Romance, Drama",
The Secret House,"Thriller, Romance, Drama",Wavve
Have a Good Neighbor,"Romance, Drama",
Oh! Dear Half-Basement Goddesses,"Comedy, Drama, Fantasy, Supernatural",iflix
Can Love Be Refunded,"Comedy, Romance",Viki
TV Novel: In Still Green Days,"Historical, Romance, Drama, Family",
One-Dimensional,"Life, Youth",
Daily Moon's,"Romance, Youth, Drama, Fantasy",
Haengbok 100 km,Comedy,
"The Woman Next Door, the Man Next Door","Comedy, Romance, Drama, Sitcom",
"Drink, Sing and Dance","Comedy, Romance, Youth",
LOVE-Imong,"Romance, Youth",
TV Novel: My Mind’s Flower Rain,"Romance, Life, Drama, Melodrama",
Wild Guys,"Comedy, Romance, Supernatural, Sitcom",tvN D STORY
Yoo Mi's Room,"Comedy, Romance, Drama, Sitcom",
You and Me,Romance,
Blessing of the Sea,"Comedy, Romance, Melodrama",
Yeonnamdong 539,"Comedy, Life",
The Police,"Mystery, Crime, Youth, Drama",
My Heart Flutters,"Romance, Youth",
"Hello, Stranger","Romance, Life",PlayList Global
Cat Chef,Food,
TV Novel: That Sun in the Sky,"Romance, Drama, Family, Melodrama",
Biggest Fan,"Romance, Youth",
Mr. Hashtag Season 2,"Comedy, Life, Youth",
Out of this World Girlfriend,"Thriller, Comedy, Youth, Sci-Fi",KOK TV
Secrets of Women,"Romance, Drama, Melodrama",KBS World
Room of Romance,"Romance, Drama",WHYNOT TV
Perhaps Love?,Romance,
Romance Bible,Romance,WeTV
Enchanting Neighbor,"Romance, Family, Melodrama",
"Why, All of a Sudden?",Comedy,
I'm Done,"Comedy, Youth",
Sleepless in Love,"Romance, Youth",
First Love Story Pilot,"Romance, Youth",
Turned on by You,Romance,
Bio Homme,"Psychological, Life, Drama",
Deux Yeoza,"Comedy, Life",AsianCrush
Benton,"Romance, Youth, Drama",
Chart Running Scholar,"Romance, Fantasy",KOK TV
Backflow,"Romance, Drama, Family, Melodrama",
Man Goddess,"Comedy, Romance, Youth, Fantasy",CheezeFilm
Idol in My Living Room,"Romance, Youth, Melodrama",Wavve
Bad Love,"Romance, Drama, Melodrama",
Power Rangers Dino Force Brave,"Action, Tokusatsu, Sci-Fi",
"Suddenly, Mood, First Love","Romance, Life, Youth",
Amor Fati,"Romance, Drama",Viki
I'm Sorry Kang Nam Goo,"Romance, Drama, Melodrama",
The Secret of Secret,"Youth, Drama, Sports",
2PM Campus,"Romance, Youth, Drama",
Meal Kid,Food,
Miracle Girl,"Adventure, Mystery, Fantasy",
Twin,Drama,
Short Paper: Side Story,"Romance, Youth",
Moment,"Comedy, Romance",
New Recruit,"Military, Comedy",TVING
Kim Is a Genius,"Drama, Fantasy",
As Your Heart Tells,"Comedy, Romance, Youth",
Mobilize! K-Cop,"Tokusatsu, Sci-Fi",
Travelogue,"Romance, Youth",
Love Vlog,Romance,
Love Campus,"Comedy, Romance, Youth",
Cheonglywood,Adventure,KOK TV
Turned on by You Season 2,Romance,
My Wonderful Roommate 2,"Business, Romance",
Girls' Love Story,"Comedy, Romance",
Love Your Korea Glow,"Business, Romance",
"Shh, Please Take Care of Him","Comedy, Drama, Melodrama",
A Twist Girl,"Youth, Supernatural",
I Want to Do It with You,"Romance, Life, Drama",
Two Universes,"Romance, Drama",TVING
Yeonnam Family,Romance,Kocowa
Love of Eve,"Romance, Drama, Melodrama",
My Ahjussi Kkon Dae Hee,"Comedy, Life",
Number Woman Gye Sook Ja,"Comedy, Romance",
No Bad Days,"Romance, Life",
The Dolphin in the Little Mermaid,"Life, Youth",
Travel through Romance,"Food, Adventure, Romance",
Mr. Hashtag,"Comedy, Life, Youth",AsianCrush
Almost Famous,"Romance, Life",
"Everyone, at Least Once","Romance, Drama",
The Secret of My Love,"Romance, Drama, Family, Melodrama",KBS World
Girl in the Mirror,"Youth, Drama",
3 AM Season 2,"Life, Drama",
Translation-needed Love Season 2,Romance,
Some Air,Romance,Tubi
72 Seconds,"Comedy, Romance, Life",AsianCrush
Wannabe U,"Music, Life, Youth",
The Pure Memories of My Heart,Romance,Tubi
Want a Taste?,"Food, Romance, Drama",
Romance Written Differently,"Comedy, Romance, Life",
The Success Story of Novice Shaman Gong,Comedy,
"AI, Her","Thriller, Sci-Fi",
Summer Vacation,"Romance, Youth, Drama",
TV Novel: Dal Soon's Spring,"Drama, Family, Melodrama",
What Happened to Mirae?,"Romance, Drama, Fantasy",
"Reply Pyeongchang, 100°F","Youth, Drama, Sports",Viki
The Witch's Eye,"Romance, Drama, Fantasy",
Teacher Oh Soon Nam,"Life, Youth, Drama, Melodrama",
Moonlight Girls' High School,"Life, Youth",
Living Together at Seventeen,"Romance, Youth",
All the Love in the World,"Romance, Life",
Is There Equation in Love?,Romance,
Luv Pub: Pilot,"Romance, Life, Youth, Drama",
Let's Make a New Start,"Romance, Drama, Family, Melodrama",
Madam Cha Dal Rae's Love,"Comedy, Romance, Family, Melodrama",
Riding Dongdang,"Comedy, Youth, Sports",KOK TV
Secret Crushes,"Romance, Youth, Drama",
Blue Temperature,"Romance, Youth",KOK TV
You & It,"Romance, Sci-Fi",
Travel Through Romance Season 2,"Food, Adventure, Romance",
I Need Standards 2,"Comedy, Romance",
Anonymous High School Girl,"Mystery, Romance, Youth, Drama",
Afternoon in a Small City,Comedy,
Horror Delivery Service,"Mystery, Horror, Supernatural",AsianCrush
Genome’s Romance,"Comedy, Romance",Viki
"Teacher, Would You Like to Date Me?","Romance, Youth, Drama",
Youtuber Class Season 2,"Life, Youth",KOK TV
Starting Point of Dating,"Comedy, Romance, Youth",
Cheers to Me,"Food, Life",AsianCrush
72 Seconds Season 2,"Comedy, Romance, Life",
Thumbs Up Feeds Me,"Comedy, Drama",Lululala Story Lab
Deux Yeoza Season 2,"Comedy, Life",
First Love Again,"Romance, Drama, Family, Melodrama",KBS World
Idol Fever,"Comedy, Romance, Drama, Melodrama",
Convenience Store Junkies,Drama,
I:LOVE:DM,"Romance, Youth",
Bubble Up,"Romance, Life, Youth, Drama",Viki
SF8,"Romance, Sci-Fi, Fantasy",Wavve
Cast: The Golden Age of Insiders,"Comedy, Youth, Drama, Sitcom",tvN D STORY
Don't Worry Apricot,"Youth, Fantasy",
My Ghost Brother,"Comedy, Romance, Fantasy",
Good People,"Life, Drama, Family, Melodrama",
Life Tracker Lee Jae Goo,"Law, Drama, Family",
20+1,Drama,
Mumul Zzumul,"Youth, Drama",
My Rocket Ship,"Business, Life, Youth, Drama",
Great First Wives,"Drama, Family, Melodrama",
Save Me Oldie,"Comedy, Drama",
Me and My Grantopia,Sci-Fi,tvN D STORY
"Life of Jung, Lee, Ro, and Woon","Life, Political",
A Model Student,"Crime, Life, Drama",